{
    "Wisconsin, USA": [
        44.5,
        -89.5
    ],
    "West Virginia, USA": [
        39.0,
        -80.5
    ],
    "Vermont, USA": [
        44.0,
        -72.699997
    ],
    "Texas, USA": [
        31.0,
        -100.0
    ],
    "South Dakota, US": [
        44.5,
        -100.0
    ],
    "Rhode Island, US": [
        41.742325,
        -71.742332
    ],
    "Oregon, US": [
        44.0,
        -120.5
    ],
    "New York, USA": [
        43.0,
        -75.0
    ],
    "New Hampshire, USA": [
        44.0,
        -71.5
    ],
    "Nebraska, USA": [
        41.5,
        -100.0
    ]
}